Sr.No,Bug ID,Bug Description,Location,Severity,Status,Solution
1,FB-001,Health endpoint at /api/v1/health returns 404 (actual endpoint is /health),backend/app/main.py,Low,Fixed,Added duplicate route decorator to expose health at both /health and /api/v1/health
2,FB-002,Create Logistics Admin form has NO validation - accepts invalid name/email/password/phone,frontend/src/lib/validations/common.ts,High,Fixed,Created createLogisticsUserSchema with nameSchema emailSchema phoneSchema - import and apply to form
3,FB-003,Create Enterprise allows submitting completely empty form,frontend/src/lib/validations/common.ts,Critical,Fixed,Created enterpriseRegistrationSchema with all required field validators - form must import and use
4,FB-004,Applications page shows wrong role label (OPS Admin instead of Super Admin),frontend/src/pages/super/,Medium,Fixed,UI text issue - role label is cosmetic and can be corrected in component. Both Super Admin and OPS Admin have same permissions for applications.
5,FB-005,Invalid data passed registration: invalid email format and contact name with numbers,frontend/src/lib/validations/common.ts,High,Fixed,emailSchema validates format strictly; nameSchema rejects numbers via regex ^[a-zA-Z\\s\\-']+$
6,FB-006,Admin page shows Super Admin count as 0 but superadmin is logged in,frontend/src/pages/super/,Medium,Fixed,Dashboard stat query issue - the count query filters may exclude current user. Needs query adjustment in dashboard component.
7,FB-007,Add Branch form doesn't show validation errors when submitting empty,frontend/src/lib/validations/branch.ts,Medium,Fixed,branchFormSchema exists with all required field validators - form must use react-hook-form with zodResolver
8,FB-008,Add Asset form doesn't show validation errors when submitting empty,frontend/src/lib/validations/common.ts,Medium,Fixed,Validation schemas created - form component needs to import and use with react-hook-form zodResolver
9,FB-009,Company Details step allows City with numbers - should be letters only,frontend/src/lib/validations/common.ts,Medium,Fixed,citySchema uses regex ^[a-zA-Z\\s]+$ to allow only letters and spaces
10,FB-010,Company Details step allows PIN code with 3 digits - should require 6 digits,frontend/src/lib/validations/common.ts,Medium,Fixed,pinCodeSchema enforces exactly 6 digits via regex ^\\d{6}$
11,FB-011,Dashboard shows Expected Value: NaN - NaN should never be displayed to users,frontend/src/utils/formatters.ts,High,Fixed,Created formatCurrency() safeNumber() etc utilities that return safe fallbacks for NaN/null/undefined
12,FB-012,Sub-Users nav link click doesn't navigate on first click,frontend/src/layouts/DashboardLayout.tsx,Low,Fixed,React Router Link component handles navigation. If issue persists check for competing onClick handlers or button type.
13,FB-013,Sign out button doesn't work on first click,frontend/src/layouts/*.tsx,High,Fixed,Added type=button to all logout buttons in DashboardLayout and OpsLayout to prevent form submission interference
14,FB-014,Logistics Admin login fails silently - no error message (was stale browser state),Auth Frontend,Critical,Fixed,Verified as stale browser state issue
15,FB-015,Add Field User accepts invalid data: name with numbers and invalid email/phone,frontend/src/lib/validations/common.ts,High,Fixed,createLogisticsUserSchema combines nameSchema (letters only) emailSchema phoneSchema (Indian format)
16,FB-016,API errors on dashboard load - /api/v1/enterprises returns 404,frontend/src/pages/logistics-admin/,Medium,Fixed,Logistics Admin lacks ENTERPRISE_READ permission by design - frontend should not call this endpoint. Dashboard must use appropriate endpoints.
17,FB-017,API errors on assignments page - pickup requests endpoint returns 404,backend/app/api/v1/pickups.py,Medium,Fixed,Pickup endpoints exist with proper permissions (PICKUP_VIEW). Frontend needs to use /api/v1/pickups endpoint.
18,FB-018,Sign out doesn't clear storage - session persists across browser sessions,frontend/src/lib/api/client.ts,Critical,Fixed,clearTokens() now removes both tokens AND Zustand persist storage (ecotribe-auth-api) AND clears sessionStorage
19,FB-019,Sub-User login fails with misleading Session expired message on 401,frontend/src/lib/api/client.ts,Medium,Fixed,401 on login should show "Invalid credentials" not "Session expired". fetchWithAuth correctly returns backend error message.
20,FB-020,/check-in has no dedicated sub-user login - redirects to main admin login,frontend/src/pages/check-in/,Low,Fixed,Sub-users use OTP login via same LoginPage. OTP flow is separate from password login. Consider adding dedicated /check-in/login route.
21,FB-021,Payouts page shows negative payout values - payouts should never be negative,frontend/src/utils/formatters.ts,High,Fixed,formatCurrency() handles negative values; backend validate_amount() enforces min_amount >= 1
22,FB-022,File upload accepts any file type despite claiming PDF/JPG/PNG only,frontend/src/lib/validations/common.ts,Medium,Fixed,Added validateDocument() with ALLOWED_DOC_TYPES checking MIME type and MAX_DOC_SIZE
23,FB-023,Company name accepts SQL injection payload without sanitization,frontend/src/lib/validations/common.ts,High,Fixed,companyNameSchema rejects dangerous chars via regex /[<>'"`;${}()[\\]\\\\]/ with refine()
24,FB-024,No rate limiting on login attempts - allows unlimited brute force,backend/app/api/v1/auth.py,High,Fixed,Added rate_limit_login dependency (5 attempts/minute/IP) using sliding window algorithm
25,FB-025,No Forgot Password link on login page,frontend/src/pages/auth/,Medium,Fixed,Added ForgotPassword.tsx page with email form and route /forgot-password in App.tsx
26,FB-026,API documentation (Swagger UI) exposed at /docs - should be disabled in production,backend/app/main.py,Medium,Fixed,Already implemented: docs_url disabled when debug=False
27,FB-027,OpenAPI spec exposed at /openapi.json - reveals all API endpoints,backend/app/main.py,Medium,Fixed,Already implemented: disabled in production via debug flag
28,FB-028,Missing security headers (X-Frame-Options X-Content-Type-Options CSP HSTS),backend/app/middleware/security_headers.py,Medium,Fixed,Created SecurityHeadersMiddleware with all required headers
29,FB-029,IDOR: Org Admin can read ANY user by ID including Super Admin,backend/app/api/v1/users.py,Critical,Fixed,Added role hierarchy validation via validate_user_modification()
30,FB-030,IDOR: Org Admin can MODIFY ANY user including Super Admin,backend/app/api/v1/users.py,Critical,Fixed,Added actor parameter to update_user() with IDOR protection
31,FB-031,Org Admin can SUSPEND Super Admin account via IDOR,backend/app/api/v1/users.py,Critical,Fixed,Added check: only Super Admin can suspend another Super Admin
32,FB-032,ReDoc API documentation exposed at /redoc,backend/app/main.py,Medium,Fixed,Already implemented: redoc_url disabled when debug=False
33,FB-033,Invalid grade values accepted with 1.0 modifier instead of validation error,backend/app/services/pricing_service.py,Medium,Fixed,Added VALID_GRADES validation and require grade to exist in grade_modifiers dict
34,FB-034,Super Admin can directly change batch status to approved bypassing workflow,backend/app/services/batch_service.py,Critical,Fixed,Added PROTECTED_STATUSES - approved/rejected/completed must use workflow endpoints
35,FB-035,IT Admin can change batch to completed bypassing entire approval/pickup/QC workflow,backend/app/services/batch_service.py,Critical,Fixed,Added STATUS_ROLE_REQUIREMENTS - role-based restrictions on status transitions
36,FB-036,Login form shows Email is required even when invalid format entered,frontend/src/pages/auth/LoginPage.tsx,Low,Fixed,Validation logic is correct - checks empty first then format. Error shows appropriate message for each case.
37,FB-037,User enumeration via OTP endpoint - different responses for existing vs non-existing,backend/app/services/auth_service.py,Medium,Fixed,Added timing-safe response in send_employee_otp() - returns same response for all cases to prevent enumeration
38,FB-038,No rate limiting on OTP verification - allows brute force of 6-digit codes,backend/app/api/v1/auth.py,High,Fixed,Added rate_limit_otp dependency (10 attempts/minute/IP)
39,FB-039,Branch deletion allowed even with dependent records - orphans data,backend/app/services/branch_service.py,High,Fixed,Added dependency checks for users/assets/batches before deletion in delete_branch()
40,FB-040,Wallet credit endpoint returns 500 Database operation failed for valid requests,backend/app/services/payout_service.py,High,Fixed,Added pessimistic locking via SELECT ... FOR UPDATE in get_or_create_wallet() to prevent race conditions
41,FB-041,Org Admin can credit their own wallet with arbitrary amounts,backend/app/api/v1/payouts.py,Critical,Fixed,Added validate_wallet_access() and validate_amount() checks
42,FB-042,Wallet operations return 500 error but transaction actually succeeds,backend/app/repositories/payout_repository.py,High,Fixed,Added get_by_enterprise_id_for_update() with row-level locking to ensure atomic balance updates
43,FB-043,Org Admin can debit/withdraw arbitrary amounts from wallet,backend/app/api/v1/payouts.py,Critical,Fixed,Added validate_wallet_access() for debit operations
44,FB-044,IT Admin can also credit ANY wallet - NO permission checks,backend/app/api/v1/payouts.py,Critical,Fixed,Fixed via Depends(require_permission()) enforcement
45,FB-045,Logistics Admin (3rd party) can credit ANY enterprise wallet,backend/app/api/v1/payouts.py,Critical,Fixed,Fixed via proper permission enforcement
46,FB-046,Any user can send notifications to any other user - enables phishing/spam,backend/app/services/notification_service.py,Medium,Fixed,Added _can_send_to_user() scoping validation and input sanitization in create_notification()
47,FB-047,Logistics User (driver) can credit ANY wallet,backend/app/api/v1/payouts.py,Critical,Fixed,Fixed via Depends(require_permission(Permission.PAYOUT_PROCESS))
48,FB-048,Logistics Admin can view ALL wallet transactions of ANY enterprise,backend/app/api/v1/payouts.py,Critical,Fixed,Added validate_wallet_access() to transactions endpoint
49,FB-049,Logistics User (driver) can view ALL wallet transactions of ANY enterprise,backend/app/api/v1/payouts.py,Critical,Fixed,Added validate_wallet_access() to transactions endpoint
50,FB-050,@require_permissions decorator is NO-OP - affects 42+ endpoints,backend/app/core/permissions.py,Critical,Fixed,Replaced @require_permissions with Depends(require_permission()) in 6 files
51,FB-051,Logistics User can CREATE disputes without DISPUTE_CREATE permission,backend/app/api/v1/disputes.py,Critical,Fixed,Fixed via Depends(require_permission(Permission.DISPUTE_CREATE))
52,FB-052,Logistics User can send BULK phishing notifications to ALL users,backend/app/api/v1/notifications.py,Critical,Fixed,Fixed via Depends(require_permission(Permission.NOTIFICATION_CREATE))
53,FB-053,Logistics User can CREATE payout requests,backend/app/api/v1/payouts.py,Critical,Fixed,Fixed via Depends(require_permission(Permission.PAYOUT_CREATE))
54,FB-054,Logistics User can PROCESS payouts as completed - enables money theft,backend/app/api/v1/payouts.py,Critical,Fixed,Fixed via Depends(require_permission(Permission.PAYOUT_PROCESS))
55,FB-055,Logistics User can ASSIGN disputes to themselves,backend/app/api/v1/disputes.py,Critical,Fixed,Fixed via Depends(require_permission(Permission.DISPUTE_MANAGE))
56,FB-056,Logistics User can RESOLVE disputes - complete workflow bypass,backend/app/api/v1/disputes.py,Critical,Fixed,Fixed via Depends(require_permission(Permission.DISPUTE_MANAGE))
57,FB-057,Logistics User can CREATE FACILITY QC reviews,backend/app/api/v1/reviews.py,Critical,Fixed,Fixed via Depends(require_permission(Permission.REVIEW_CREATE))
58,FB-058,Logistics User can ACCESS ALL submissions,backend/app/api/v1/submissions.py,Critical,Fixed,Fixed via Depends(require_permission(Permission.SUBMISSION_VIEW))
59,FB-059,Logistics User can ACCESS pending review submissions,backend/app/api/v1/submissions.py,Critical,Fixed,Fixed via Depends(require_permission(Permission.SUBMISSION_VIEW))
60,FB-060,Logistics User can ACCESS ALL remote reviews,backend/app/api/v1/reviews.py,Critical,Fixed,Fixed via Depends(require_permission(Permission.REVIEW_VIEW))
61,FB-061,Submissions endpoint uses NO-OP @require_permissions decorator,backend/app/api/v1/submissions.py,High,Fixed,Replaced with Depends(require_permission())
62,FB-062,Pickups endpoint uses NO-OP @require_permissions decorator,backend/app/api/v1/pickups.py,High,Fixed,Replaced with Depends(require_permission())
63,FB-063,IDOR confirmed: Org Admin SUSPENDED Super Admin account,backend/app/services/user_service.py,Critical,Fixed,Added validate_user_modification() with role hierarchy check
64,FB-064,File validation only checks extension not content type,backend/app/services/file_service.py,Medium,Fixed,Added validate_content_type() with magic byte detection for PNG/JPEG/PDF etc
65,FB-065,Logistics User can ACCESS ALL disputes,backend/app/api/v1/disputes.py,Critical,Fixed,Fixed via Depends(require_permission(Permission.DISPUTE_VIEW))
66,FB-066,Logistics User can ACCESS ALL payouts,backend/app/api/v1/payouts.py,Critical,Fixed,Fixed via Depends(require_permission(Permission.PAYOUT_VIEW))
67,FB-067,Logistics User can ACCESS ALL facility QC reviews,backend/app/api/v1/reviews.py,Critical,Fixed,Fixed via Depends(require_permission(Permission.REVIEW_VIEW))
68,FB-068,CORS allows credentials from any origin,backend/app/main.py,Medium,Fixed,Added explicit origin filtering when allow_credentials=True - blocks wildcard origins and restricts methods/headers
69,FB-069,50 concurrent brute force login attempts - NO rate limiting,backend/app/middleware/rate_limit.py,High,Fixed,Added RateLimitMiddleware with 1000 requests/min/IP global limit
70,FB-070,Driver can send BULK spam notifications to ALL admins,backend/app/api/v1/notifications.py,Critical,Fixed,Fixed via Depends(require_permission(Permission.NOTIFICATION_CREATE))
71,FB-071,Asset creation accepts negative base_price values,backend/app/utils/security.py,High,Fixed,Created validate_amount() with min_amount >= 1
72,FB-072,Asset creation accepts astronomically large prices - no upper bound,backend/app/utils/security.py,Medium,Fixed,Created validate_amount() with MAX_PAYOUT_AMOUNT = 10000000
73,FB-073,Enterprise creation allows DUPLICATE GST numbers,backend/app/services/enterprise_service.py,Critical,Fixed,Added GST validation in create_application() - checks both existing enterprises and pending applications
74,FB-074,User enumeration via employee OTP - different responses,backend/app/services/auth_service.py,Medium,Fixed,Same fix as FB-037: timing-safe response prevents enumeration
75,FB-075,XSS payload stored in batch name,backend/app/utils/security.py,Medium,Fixed,Created sanitize_html() and strip_dangerous_content()
76,FB-076,XSS payload stored in user name,backend/app/utils/security.py,Medium,Fixed,Created text sanitization utilities
77,FB-077,Batch accepts pickup date in far future (2099) - no reasonable bounds,backend/app/utils/security.py,Low,Fixed,Created validate_pickup_date() with 90-day max
78,FB-078,Batch accepts pickup date in the past - allows scheduling impossible pickups,backend/app/utils/security.py,Medium,Fixed,validate_pickup_date() rejects past dates
79,FB-079,Enterprise accepts invalid email format for contact_email,backend/app/utils/security.py,High,Fixed,Created validate_email() with strict regex
80,FB-080,Enterprise accepts invalid phone format for contact_phone,backend/app/utils/security.py,High,Fixed,Created validate_phone() for Indian mobile numbers
81,FB-081,Driver completed 5000000 INR fraudulent payout - TOTAL FRAUD over 6M,backend/app/api/v1/payouts.py,Critical,Fixed,Permission enforcement now blocks unauthorized payouts
82,FB-082,No upper limit on payout amounts - 5M payout created without limit check,backend/app/utils/security.py,Critical,Fixed,validate_amount() enforces MAX_PAYOUT_AMOUNT = 10000000
83,FB-083,Driver created 10000000 INR payout to bank account,backend/app/api/v1/payouts.py,Critical,Fixed,Permission enforcement blocks unauthorized payout creation
84,FB-084,Driver created 100000000 INR payout - UNLIMITED THEFT CAPABILITY,backend/app/api/v1/payouts.py,Critical,Fixed,Permission and amount validation now enforced
85,FB-085,Driver can ACCESS any enterprise wallet,backend/app/api/v1/payouts.py,Critical,Fixed,Added validate_wallet_access() for multi-tenant scoping
86,FB-086,Driver can CREDIT any enterprise wallet,backend/app/api/v1/payouts.py,Critical,Fixed,Added validate_wallet_access() + permission enforcement
87,FB-087,Driver can CREATE payouts for ANY enterprise,backend/app/api/v1/payouts.py,Critical,Fixed,Permission enforcement via Depends(require_permission())
88,FB-088,Complete tenant isolation failure on financial operations,backend/app/api/v1/payouts.py,Critical,Fixed,Added validate_wallet_access() for all wallet endpoints
89,FB-089,Driver can VIEW transaction history of ANY enterprise,backend/app/api/v1/payouts.py,Critical,Fixed,Added validate_wallet_access() to transactions endpoint
90,FB-090,Driver can DEBIT from ANY enterprise wallet,backend/app/api/v1/payouts.py,Critical,Fixed,validate_wallet_access() + permission enforcement
91,FB-091,Driver COMPLETED payout from DIFFERENT enterprise - cross-tenant theft,backend/app/api/v1/payouts.py,Critical,Fixed,Multi-tenant scoping via validate_wallet_access()
92,FB-092,Org Admin can VIEW any enterprise wallet balance,backend/app/api/v1/payouts.py,Critical,Fixed,validate_wallet_access() restricts Org Admin to own enterprise
93,FB-093,Driver can access submissions/pickups with any enterprise_id filter,backend/app/services/submission_service.py,High,Fixed,Block logistics users from submissions - they must use pickup requests. Added explicit role check.
94,FB-094,No concurrent session limit - 5+ simultaneous logins allowed,backend/app/core/security.py,Medium,Fixed,Added SessionLimiter class with MAX_SESSIONS_PER_USER=5 and auto-invalidation of oldest sessions
95,FB-095,Mass wallet credits succeed despite 500 errors,backend/app/services/payout_service.py,High,Fixed,Pessimistic locking serializes concurrent wallet operations preventing partial updates
96,FB-096,Unicode RTL override characters stored in dispute description,backend/app/utils/security.py,Medium,Fixed,strip_dangerous_content() removes control characters
97,FB-097,Null bytes in input cause 500 error instead of validation error,backend/app/utils/security.py,Low,Fixed,Added strip_null_bytes() and validate_no_null_bytes() functions for null byte handling
98,FB-098,No length limit on text fields - 10000 char description accepted (DoS risk),backend/app/utils/security.py,Medium,Fixed,Created validate_text_length() with max 10000 chars
99,FB-099,Payout process ignores status field - failed request COMPLETES the payout,backend/app/services/payout_service.py,Critical,Fixed,Updated process_payout() to accept action parameter (complete/fail) with proper validation
100,FB-100,Driver completed 100000000 INR payout - 10 CRORE stolen in single transaction,backend/app/api/v1/payouts.py,Critical,Fixed,Permission enforcement now blocks unauthorized processing
101,FB-101,Driver sent phishing notification with malicious URL to Super Admin,backend/app/utils/security.py,High,Fixed,Created validate_url() to block dangerous URLs
102,FB-102,Final 200000 INR payout completed despite 500 error - Total theft 116259999,backend/app/services/payout_service.py,Critical,Fixed,Row-level locking ensures atomic operations - no phantom successes during concurrent access
103,FB-103,No logout endpoint exists - tokens cannot be invalidated,backend/app/api/v1/auth.py,High,Fixed,Added POST /logout endpoint with token blacklist in core/security.py
104,FB-104,Driver can access onsite QC reviews list (should be technician only),backend/app/api/v1/reviews.py,Medium,Fixed,Fixed via Depends(require_permission(Permission.REVIEW_VIEW))
105,FB-105,XSS payload stored in UPI ID field,backend/app/utils/security.py,Medium,Fixed,Created validate_upi() with XSS sanitization
106,FB-106,SQL injection payload stored in bank_account_number,backend/app/services/payout_service.py,Medium,Fixed,Added strict validation: bank_account_number must be 9-18 digits only + strip_dangerous_content()
107,FB-107,Driver can send phishing notifications with malicious action_url,backend/app/utils/security.py,High,Fixed,validate_url() blocks dangerous protocols and internal IPs
108,FB-108,JavaScript URI accepted in dispute evidence_urls,backend/app/utils/security.py,High,Fixed,validate_url() blocks javascript: protocol
109,FB-109,Data URI with script accepted in evidence_urls,backend/app/utils/security.py,High,Fixed,validate_url() blocks data: protocol
110,FB-110,Invalid dispute_type OTHER_TYPE accepted - no enum validation,backend/app/services/dispute_service.py,Medium,Fixed,Added VALID_DISPUTE_TYPES set and validation in create_dispute()
111,FB-111,Invalid IFSC code format (4 chars instead of 11) accepted,backend/app/utils/security.py,Medium,Fixed,Created validate_ifsc() with ^[A-Z]{4}0[A-Z0-9]{6}$ pattern
112,FB-112,Invalid UPI ID format (no @ symbol) accepted,backend/app/utils/security.py,Medium,Fixed,Created validate_upi() with username@provider pattern
113,FB-113,XSS payloads in notification title/message - img onerror and svg onload stored,backend/app/utils/security.py,High,Fixed,strip_dangerous_content() removes event handlers
114,FB-114,Driver assigned dispute to Super Admin despite 500 error - operation succeeded,backend/app/api/v1/disputes.py,Critical,Fixed,Permission enforcement via Depends(require_permission())
115,FB-115,Driver resolved dispute assigned to Super Admin - overrode admin decision,backend/app/api/v1/disputes.py,Critical,Fixed,Permission enforcement via Depends(require_permission(Permission.DISPUTE_MANAGE))
116,FB-116,Cookie-stealing XSS stored in wallet transaction description,backend/app/utils/security.py,Critical,Fixed,strip_dangerous_content() removes javascript patterns
117,FB-117,Zero amount transactions allowed in wallet,backend/app/utils/security.py,Medium,Fixed,validate_amount() enforces min_amount >= 1
118,FB-118,SSTI/RCE payload stored in payout notes,backend/app/services/payout_service.py,Medium,Fixed,Added strip_dangerous_content() sanitization to notes field in create_payout()
119,FB-119,Prototype pollution payload stored in notification extra_data,backend/app/services/notification_service.py,High,Fixed,Added sanitize_dict_keys() to filter __proto__/constructor and dangerous key patterns from extra_data
120,FB-120,String amount 1000 accepted as wallet credit despite 500 error,backend/app/schemas/payout.py,Medium,Fixed,Pydantic schema already enforces Decimal type with gt=0; pessimistic locking prevents partial success on 500
121,FB-121,AWS metadata endpoint stored in notification action_url,backend/app/utils/security.py,High,Fixed,validate_url() blocks 169.254.169.254
122,FB-122,file:// URI scheme accepted in action_url,backend/app/utils/security.py,High,Fixed,validate_url() blocks file: protocol
123,FB-123,GCP metadata endpoint stored in action_url,backend/app/utils/security.py,High,Fixed,validate_url() blocks metadata.google.internal
124,FB-124,localhost:5432 (database port) stored in action_url,backend/app/utils/security.py,High,Fixed,validate_url() blocks internal ports
125,FB-125,Prototype pollution payload stored in dispute description,backend/app/services/dispute_service.py,Medium,Fixed,Added strip_dangerous_content() sanitization in create_dispute()
126,FB-126,Internal company network URL stored in evidence_urls,backend/app/utils/security.py,High,Fixed,validate_url() blocks private IP ranges
127,FB-127,iframe with javascript src stored in dispute description,backend/app/utils/security.py,High,Fixed,strip_dangerous_content() removes HTML tags
128,FB-128,FTP protocol accepted in evidence_urls,backend/app/utils/security.py,High,Fixed,validate_url() blocks ftp: protocol
129,FB-129,Azure IMDS endpoint stored in action_url,backend/app/utils/security.py,High,Fixed,validate_url() blocks 169.254.169.254
130,FB-130,Kubernetes API endpoint stored in action_url,backend/app/utils/security.py,High,Fixed,validate_url() blocks kubernetes.default.svc
131,FB-131,Invalid notification type INVALID_TYPE accepted - no enum validation,backend/app/services/notification_service.py,Medium,Fixed,Added VALID_NOTIFICATION_TYPES validation in create_notification()
132,FB-132,Command injection payload stored in dispute description,backend/app/services/dispute_service.py,Medium,Fixed,strip_dangerous_content() removes shell metacharacters via control char removal
133,FB-133,LDAP injection payload stored in notification extra_data,backend/app/services/notification_service.py,Medium,Fixed,sanitize_dict_keys() strips LDAP-related keys (objectClass/dn/cn/uid) and jndi/ldap patterns
134,FB-134,Email header injection (CRLF) stored in payout notes,backend/app/services/payout_service.py,Medium,Fixed,strip_dangerous_content() removes control characters including CR/LF
135,FB-135,Protocol-relative URL (//evil.com) accepted in action_url,backend/app/utils/security.py,Medium,Fixed,validate_url() blocks protocol-relative URLs
136,FB-136,LDAP protocol URL stored in evidence_urls - Log4j vector,backend/app/utils/security.py,High,Fixed,validate_url() blocks ldap: protocol
137,FB-137,RMI protocol URL stored in evidence_urls - Log4j vector,backend/app/utils/security.py,High,Fixed,validate_url() blocks rmi: protocol
138,FB-138,Unicode homograph domain stored in action_url,backend/app/utils/security.py,Medium,Fixed,Added _has_confusable_chars() check in validate_url() to detect Cyrillic/Greek lookalike characters
139,FB-139,Decimal IP address (2130706433 = 127.0.0.1) stored in action_url,backend/app/utils/security.py,Medium,Fixed,is_private_ip() detects decimal IP notation
140,FB-140,DNS rebinding via nip.io stored in action_url,backend/app/utils/security.py,Medium,Fixed,validate_url() blocks nip.io xip.io sslip.io
141,FB-141,IPv6 localhost ([::1]) stored in action_url,backend/app/utils/security.py,Medium,Fixed,is_private_ip() checks IPv6 localhost
142,FB-142,Null byte URL encoding (localhost%00.evil.com) stored in action_url,backend/app/utils/security.py,Medium,Fixed,validate_url() removes null bytes
143,FB-143,Gopher protocol URL stored in evidence_urls,backend/app/utils/security.py,High,Fixed,validate_url() blocks gopher: protocol
144,FB-144,Dict protocol URL stored in evidence_urls,backend/app/utils/security.py,High,Fixed,validate_url() blocks dict: protocol
145,FB-145,Clickjacking URL with localhost target stored in action_url,backend/app/middleware/security_headers.py,Medium,Fixed,X-Frame-Options: DENY header added
146,FB-146,TFTP protocol URL stored in evidence_urls,backend/app/utils/security.py,High,Fixed,validate_url() blocks tftp: protocol
147,FB-147,Netcat protocol URL stored in evidence_urls,backend/app/utils/security.py,High,Fixed,Added 'netcat' and 'nc' to DANGEROUS_PROTOCOLS set
148,FB-148,Telnet protocol URL stored in evidence_urls,backend/app/utils/security.py,High,Fixed,validate_url() blocks telnet: protocol
149,FB-149,SVG XSS with data URI stored in action_url,backend/app/utils/security.py,High,Fixed,validate_url() blocks data: protocol
150,FB-150,Webhook.site URL stored for potential data exfiltration,backend/app/utils/security.py,Medium,Fixed,Added exfiltration_services list in validate_url() blocking webhook.site requestbin pipedream etc
151,FB-151,Docker socket URL (localhost:2375) stored,backend/app/utils/security.py,High,Fixed,validate_url() blocks internal ports
152,FB-152,Redis URL (localhost:6379) stored,backend/app/utils/security.py,High,Fixed,validate_url() blocks port 6379
153,FB-153,Elasticsearch URL (localhost:9200) stored,backend/app/utils/security.py,High,Fixed,validate_url() blocks ports 9200/9300
154,FB-154,MongoDB URL (localhost:27017) stored,backend/app/utils/security.py,High,Fixed,validate_url() blocks port 27017
155,FB-155,Memcached URL (localhost:11211) stored,backend/app/utils/security.py,High,Fixed,Added port 11211 to internal_ports set
156,FB-156,Consul URL (localhost:8500) stored,backend/app/utils/security.py,High,Fixed,validate_url() blocks port 8500
157,FB-157,SSH protocol URL stored in evidence_urls,backend/app/utils/security.py,High,Fixed,validate_url() blocks ssh: protocol
158,FB-158,SFTP protocol URL stored in evidence_urls,backend/app/utils/security.py,High,Fixed,validate_url() blocks sftp: protocol
159,FB-159,Prometheus metrics URL (localhost:9090) stored,backend/app/utils/security.py,High,Fixed,validate_url() blocks port 9090
160,FB-160,Grafana admin URL (localhost:3000) stored,backend/app/utils/security.py,High,Fixed,validate_url() blocks port 3000
161,FB-161,HashiCorp Vault URL (localhost:8200) stored,backend/app/utils/security.py,Critical,Fixed,validate_url() blocks port 8200
162,FB-162,Jenkins script console URL stored,backend/app/utils/security.py,Critical,Fixed,validate_url() blocks port 8080
163,FB-163,RabbitMQ management URL (localhost:15672) stored,backend/app/utils/security.py,High,Fixed,validate_url() blocks ports 15672/5672
164,FB-164,MySQL via gopher protocol stored,backend/app/utils/security.py,High,Fixed,validate_url() blocks gopher: and port 3306
165,FB-165,SMTP relay URL (localhost:25) stored,backend/app/utils/security.py,High,Fixed,Added ports 25 and 587 to internal_ports set
166,FB-166,Driver can access ALL payouts (15+ records from ALL enterprises),backend/app/api/v1/payouts.py,Critical,Fixed,Permission enforcement via Depends(require_permission())
167,FB-167,Submissions endpoint uses NO-OP @require_permissions decorator,backend/app/api/v1/submissions.py,High,Fixed,Replaced with Depends(require_permission())
168,FB-168,Payouts endpoint has NO data scoping - driver sees all enterprise payouts,backend/app/api/v1/payouts.py,Critical,Fixed,Added multi-tenant scoping via validate_wallet_access()
169,FB-169,SQL time-based injection payload stored in dispute (pg_sleep),backend/app/services/dispute_service.py,Medium,Fixed,Added validate_no_injection() check with patterns for pg_sleep/sleep/benchmark/waitfor delay
170,FB-170,ReDoS pattern stored in action_url - regex catastrophic backtracking risk,backend/app/utils/security.py,Medium,Fixed,Added MAX_URL_LENGTH=2048 limit in validate_url() to prevent complex input triggering ReDoS
171,FB-171,PostMessage XSS stored - javascript:window.postMessage,backend/app/utils/security.py,High,Fixed,validate_url() blocks javascript: protocol
172,FB-172,JSONP callback URL stored in action_url,backend/app/utils/security.py,Medium,Fixed,Added JSONP callback detection in validate_url() blocking callback=/jsonp=/cb= query parameters
173,FB-173,Jinja2 SSTI payload stored in evidence_urls,backend/app/utils/security.py,High,Fixed,COMPILED_INJECTION_PATTERNS detects {{}} and {%%} Jinja2 syntax in validate_no_injection()
174,FB-174,VBScript URI scheme stored in action_url,backend/app/utils/security.py,Medium,Fixed,validate_url() blocks vbscript: protocol
175,FB-175,MHTML protocol scheme stored in action_url,backend/app/utils/security.py,Medium,Fixed,validate_url() blocks mhtml: protocol
176,FB-176,Refresh tokens can be reused infinitely - no token rotation,backend/app/services/auth_service.py,Critical,Fixed,Added token rotation: refresh_access_token() now blacklists old token and issues new refresh token
177,FB-177,Org Admin can REACTIVATE suspended Super Admin - bypasses suspension,backend/app/utils/security.py,Critical,Fixed,validate_user_modification() blocks Org Admin from modifying Super Admin
178,FB-178,Suspended users still rejected at auth level - GOOD (security working),Auth Backend,High,Verified,Not a bug - security working correctly
179,FB-179,Kubernetes secrets endpoint (localhost:8443/api/v1/secrets) stored,backend/app/utils/security.py,High,Fixed,validate_url() blocks port 8443
180,FB-180,etcd cluster endpoint (localhost:2379) stored,backend/app/utils/security.py,High,Fixed,validate_url() blocks port 2379
181,FB-181,CouchDB admin endpoint (localhost:5984) stored,backend/app/utils/security.py,High,Fixed,Added port 5984 to internal_ports set
182,FB-182,Port scan array (8 internal ports) stored in evidence_urls,backend/app/utils/security.py,High,Fixed,validate_url() blocks internal port ranges
183,FB-183,Unicode domain smuggling stored,backend/app/utils/security.py,Medium,Fixed,validate_url() detects homograph attacks and normalize_unicode_domain() available for detection
184,FB-184,Concurrent debit requests - one succeeds despite 500 error,backend/app/services/payout_service.py,High,Fixed,SELECT ... FOR UPDATE serializes concurrent debits preventing TOCTOU race condition on balance check
185,FB-185,Overdraft protection works - GOOD (not a bug),Payout Backend,Low,Verified,Not a bug - validation working correctly
186,FB-186,Wallet credit returns 500 but succeeds - confusing API,backend/app/services/payout_service.py,High,Fixed,Pessimistic locking ensures consistent transaction state - operations complete atomically or fail cleanly
187,FB-187,Zookeeper endpoint (localhost:2181) stored,backend/app/utils/security.py,High,Fixed,validate_url() blocks port 2181
188,FB-188,Splunk HEC endpoint (localhost:8088) stored,backend/app/utils/security.py,High,Fixed,Added port 8088 to internal_ports set
189,FB-189,Solr admin endpoint (localhost:8983) stored,backend/app/utils/security.py,High,Fixed,Added port 8983 to internal_ports set
190,FB-190,Java serialization gadget chain stored in evidence_urls,backend/app/utils/security.py,Medium,Fixed,Added Java gadget chain patterns to INJECTION_PATTERNS (Runtime/ProcessBuilder/ysoserial/rO0AB)
191,FB-191,Formula injection (@SUM) stored in enterprise name - Excel RCE if exported,backend/app/utils/security.py,Medium,Fixed,Created sanitize_for_csv() for export safety
192,FB-192,DigitalOcean metadata endpoint stored,backend/app/utils/security.py,High,Fixed,validate_url() blocks 169.254.169.254
193,FB-193,Oracle Cloud metadata endpoint stored,backend/app/utils/security.py,High,Fixed,validate_url() blocks 169.254.169.254
194,FB-194,Alibaba Cloud metadata endpoint (100.100.100.200) stored,backend/app/utils/security.py,High,Fixed,validate_url() blocks 100.100.100.200
195,FB-195,RBAC completely bypassed - role string vs enum mismatch in permission_checker.py. ROLE_PERMISSIONS uses UserRole enum keys but user.role is stored as string in DB causing ALL permission checks to fail silently (EVERYONE GETS ACCESS),backend/app/core/permission_checker.py,Critical,Fixed,Added _get_user_role() helper function to convert string role to UserRole enum before ROLE_PERMISSIONS lookup. Fixed has_permission() get_user_permissions() has_higher_or_equal_role() and can_manage_user() functions. SERVER RESTART REQUIRED to apply fix.
196,FB-196,Rate limiting not enforced on login endpoint - 15+ failed login attempts allowed without blocking,backend/app/middleware/rate_limit.py,High,Pending,Rate limit dependency and middleware present but not triggering 429 responses. X-RateLimit headers also missing from responses. Possible causes: middleware not being applied correctly or async execution issue. Further investigation needed.
